date,stock_code,broker_name,broker_id,buy_vol,sell_vol,net_vol,pct,rank,side
12/22,2330,摩根大通,8440,2691,598,2093,8.92,1,buy
12/22,2330,富邦證券,9600,1354,2475,-1121,4.78,1,sell
12/22,2330,台灣摩根士丹利,1470,1929,296,1633,6.96,2,buy
12/22,2330,香港上海匯豐,8960,156,803,-647,2.76,2,sell
12/22,2330,美林,1440,1697,447,1250,5.33,3,buy
12/22,2330,法銀巴黎,8900,78,698,-620,2.64,3,sell
12/22,2330,永豐金-匯立,0039004100380031,1468,558,910,3.88,4,buy
12/22,2330,統一,5850,173,793,-620,2.64,4,sell
12/22,2330,新加坡商瑞銀,1650,1222,629,593,2.53,5,buy
12/22,2330,國泰證券,8880,173,764,-591,2.52,5,sell
12/22,2330,群益金鼎,9100,722,200,522,2.22,6,buy
12/22,2330,大和國泰,8890,83,409,-326,1.39,6,sell
12/22,2330,凱基,9200,593,127,466,1.99,7,buy
12/22,2330,中國信託,6160,103,415,-312,1.33,7,sell
12/22,2330,花旗環球,1590,697,383,314,1.34,8,buy
12/22,2330,國泰-敦南,8888,48,247,-199,0.85,8,sell
12/22,2330,美商高盛,1480,2238,1969,269,1.15,9,buy
12/22,2330,永豐金-萬盛,0039004100390032,1,163,-162,0.69,9,sell
12/22,2330,凱基-台北,9268,641,455,186,0.79,10,buy
12/22,2330,群益金鼎-北高雄,0039003100330052,0,135,-135,0.58,10,sell
12/22,2330,華南永昌,9300,213,36,177,0.75,11,buy
12/22,2330,港商麥格理,1360,163,291,-128,0.55,11,sell
12/22,2330,國票-敦北法人,0037003700390063,151,6,145,0.62,12,buy
12/22,2330,第一金-光復,0035003300380043,2,109,-107,0.46,12,sell
12/22,2330,元大證券,9800,837,713,124,0.53,13,buy
12/22,2330,新光,8560,53,138,-85,0.36,13,sell
12/22,2330,港商野村,1560,123,10,113,0.48,14,buy
12/22,2330,永豐金證券,0039004100300030,264,341,-77,0.33,14,sell
12/22,2330,凱基-中山,9229,107,6,101,0.43,15,buy
12/22,2330,富邦-竹東,9625,0,75,-75,0.32,15,sell
12/22,2317,美商高盛,1480,4439,2022,2417,6.03,1,buy
12/22,2317,元大證券,9800,2832,7454,-4622,11.54,1,sell
12/22,2317,永豐金證券,0039004100300030,2541,343,2198,5.49,2,buy
12/22,2317,國票-敦北法人,0037003700390063,67,2037,-1970,4.92,2,sell
12/22,2317,凱基,9200,1857,10,1847,4.61,3,buy
12/22,2317,花旗環球,1590,309,2104,-1795,4.48,3,sell
12/22,2317,永豐金-匯立,0039004100380031,931,24,907,2.26,4,buy
12/22,2317,元富,5920,322,1072,-750,1.87,4,sell
12/22,2317,美林,1440,1526,651,875,2.18,5,buy
12/22,2317,凱基-台北,9268,892,1509,-617,1.54,5,sell
12/22,2317,元大-館前,003900380034004b,615,17,598,1.49,6,buy
12/22,2317,統一-內湖,0035003800350062,14,500,-486,1.21,6,sell
12/22,2317,中國信託-高雄,003600310036004b,621,48,573,1.43,7,buy
12/22,2317,國泰證券,8880,52,501,-449,1.12,7,sell
12/22,2317,富邦證券,9600,582,52,530,1.32,8,buy
12/22,2317,香港上海匯豐,8960,75,505,-430,1.07,8,sell
12/22,2317,新加坡商瑞銀,1650,3190,2861,329,0.82,9,buy
12/22,2317,元大-忠孝,9871,34,394,-360,0.9,9,sell
12/22,2317,台灣摩根士丹利,1470,1702,1394,308,0.77,10,buy
12/22,2317,第一金-忠孝,0035003300380044,12,297,-285,0.71,10,sell
12/22,2317,港商麥格理,1360,478,195,283,0.71,11,buy
12/22,2317,統一-土城,0035003800350059,3,212,-209,0.52,11,sell
12/22,2317,港商野村,1560,392,117,275,0.69,12,buy
12/22,2317,富邦-永和,9654,58,233,-175,0.44,12,sell
12/22,2317,兆豐-南門,0037003000300067,254,3,251,0.63,13,buy
12/22,2317,新光,8560,98,267,-169,0.42,13,sell
12/22,2317,兆豐證券,7000,256,10,246,0.61,14,buy
12/22,2317,國票-安和,003700370039005a,16,139,-123,0.31,14,sell
12/22,2317,群益金鼎-古亭,0039003100380043,268,29,239,0.6,15,buy
12/22,2317,華南永昌-頭份,9343,4,114,-110,0.27,15,sell
12/22,2454,凱基,9200,589,53,536,8.85,1,buy
12/22,2454,國泰證券,8880,70,553,-483,7.97,1,sell
12/22,2454,永豐金證券,0039004100300030,128,19,109,1.8,2,buy
12/22,2454,美商高盛,1480,195,610,-415,6.85,2,sell
12/22,2454,港商麥格理,1360,115,37,78,1.29,3,buy
12/22,2454,新加坡商瑞銀,1650,112,510,-398,6.57,3,sell
12/22,2454,群益金鼎,9100,74,1,73,1.21,4,buy
12/22,2454,國票-安和,003700370039005a,3,251,-248,4.09,4,sell
12/22,2454,統一,5850,82,24,58,0.96,5,buy
12/22,2454,華南永昌,9300,17,240,-223,3.68,5,sell
12/22,2454,凱基-市政,9239,58,5,53,0.88,6,buy
12/22,2454,元大證券,9800,299,502,-203,3.35,6,sell
12/22,2454,台新證券,8150,84,32,52,0.86,7,buy
12/22,2454,凱基-台北,9268,412,592,-180,2.97,7,sell
12/22,2454,土銀,1030,48,0,48,0.79,8,buy
12/22,2454,摩根大通,8440,166,340,-174,2.87,8,sell
12/22,2454,新光,8560,64,26,38,0.63,9,buy
12/22,2454,美林,1440,77,246,-169,2.79,9,sell
12/22,2454,元富-城中,0035003900320045,32,1,31,0.51,10,buy
12/22,2454,富邦證券,9600,39,128,-89,1.47,10,sell
12/22,2454,國泰-台中,8882,39,8,31,0.51,11,buy
12/22,2454,大和國泰,8890,40,100,-60,0.99,11,sell
12/22,2454,富邦-新竹,9647,36,7,29,0.48,12,buy
12/22,2454,台灣摩根士丹利,1470,116,161,-45,0.74,12,sell
12/22,2454,國泰-板橋,003800380038004b,37,9,28,0.46,13,buy
12/22,2454,永豐金-台南,0039004100390068,10,47,-37,0.61,13,sell
12/22,2454,法銀巴黎,8900,26,0,26,0.43,14,buy
12/22,2454,香港上海匯豐,8960,27,62,-35,0.58,14,sell
12/22,2454,國泰-敦南,8888,67,42,25,0.41,15,buy
12/22,2454,第一金-高雄,5383,1,35,-34,0.56,15,sell
12/22,2308,新加坡商瑞銀,1650,1558,615,943,6.72,1,buy
12/22,2308,富邦證券,9600,155,905,-750,5.35,1,sell
12/22,2308,凱基,9200,757,28,729,5.2,2,buy
12/22,2308,凱基-台北,9268,348,934,-586,4.18,2,sell
12/22,2308,美林,1440,658,278,380,2.71,3,buy
12/22,2308,元富,5920,194,560,-366,2.61,3,sell
12/22,2308,元大證券,9800,780,448,332,2.37,4,buy
12/22,2308,台灣摩根士丹利,1470,763,1081,-318,2.27,4,sell
12/22,2308,永豐金-匯立,0039004100380031,425,130,295,2.1,5,buy
12/22,2308,美商高盛,1480,603,903,-300,2.14,5,sell
12/22,2308,統一,5850,304,27,277,1.97,6,buy
12/22,2308,摩根大通,8440,182,435,-253,1.8,6,sell
12/22,2308,康和,8450,211,3,208,1.48,7,buy
12/22,2308,國票-敦北法人,0037003700390063,84,218,-134,0.96,7,sell
12/22,2308,群益金鼎,9100,226,39,187,1.33,8,buy
12/22,2308,台新證券,8150,101,224,-123,0.88,8,sell
12/22,2308,華南永昌,9300,170,24,146,1.04,9,buy
12/22,2308,香港上海匯豐,8960,20,118,-98,0.7,9,sell
12/22,2308,凱基-文心,9297,115,0,115,0.82,10,buy
12/22,2308,第一金,5380,43,117,-74,0.53,10,sell
12/22,2308,永豐金證券,0039004100300030,149,35,114,0.81,11,buy
12/22,2308,大展,5050,1,55,-54,0.38,11,sell
12/22,2308,宏遠證券,1260,109,5,104,0.74,12,buy
12/22,2308,元大-土城永寧,9875,8,61,-53,0.38,12,sell
12/22,2308,港商野村,1560,110,10,100,0.71,13,buy
12/22,2308,永豐金-敦南,0039004100380046,16,54,-38,0.27,13,sell
12/22,2308,兆豐證券,7000,104,5,99,0.71,14,buy
12/22,2308,凱基-民權,0039003200310043,4,35,-31,0.22,14,sell
12/22,2308,凱基-站前,0039003200300046,104,19,85,0.61,15,buy
12/22,2308,國泰-敦南,8888,238,268,-30,0.21,15,sell
12/22,2382,群益金鼎,9100,1016,5,1011,5.19,1,buy
12/22,2382,摩根大通,8440,169,4512,-4343,22.29,1,sell
12/22,2382,凱基,9200,883,1,882,4.53,2,buy
12/22,2382,美商高盛,1480,37,1578,-1541,7.91,2,sell
12/22,2382,永豐金證券,0039004100300030,601,90,511,2.62,3,buy
12/22,2382,凱基-台北,9268,703,1995,-1292,6.63,3,sell
12/22,2382,元大-館前,003900380034004b,512,3,509,2.61,4,buy
12/22,2382,台灣摩根士丹利,1470,224,1283,-1059,5.43,4,sell
12/22,2382,國泰-敦南,8888,335,89,246,1.26,5,buy
12/22,2382,元富,5920,12,726,-714,3.66,5,sell
12/22,2382,富邦證券,9600,243,17,226,1.16,6,buy
12/22,2382,新加坡商瑞銀,1650,626,1296,-670,3.44,6,sell
12/22,2382,臺銀,1040,201,7,194,1.0,7,buy
12/22,2382,美林,1440,1429,2030,-601,3.08,7,sell
12/22,2382,花旗環球,1590,217,34,183,0.94,8,buy
12/22,2382,(牛牛牛)亞證券,6010,0,400,-400,2.05,8,sell
12/22,2382,國泰證券,8880,218,36,182,0.93,9,buy
12/22,2382,港商野村,1560,16,317,-301,1.54,9,sell
12/22,2382,凱基-士林,9238,119,1,118,0.61,10,buy
12/22,2382,兆豐證券,7000,2,270,-268,1.38,10,sell
12/22,2382,台新證券,8150,144,46,98,0.5,11,buy
12/22,2382,永豐金-匯立,0039004100380031,2,231,-229,1.18,11,sell
12/22,2382,華南永昌-虎尾,9377,95,1,94,0.48,12,buy
12/22,2382,兆豐-南門,0037003000300067,8,231,-223,1.14,12,sell
12/22,2382,台新-高雄,0038003100350041,83,7,76,0.39,13,buy
12/22,2382,群益金鼎-古亭,0039003100380043,24,241,-217,1.11,13,sell
12/22,2382,新光,8560,155,80,75,0.38,14,buy
12/22,2382,永豐金-萬盛,0039004100390032,25,105,-80,0.41,14,sell
12/22,2382,元大-四維,9831,78,3,75,0.38,15,buy
12/22,2382,康和-內湖,0038003400350041,6,71,-65,0.33,15,sell
12/22,2891,摩根大通,8440,10116,820,9296,13.2,1,buy
12/22,2891,國泰證券,8880,59,21640,-21581,30.66,1,sell
12/22,2891,台灣摩根士丹利,1470,8602,393,8209,11.66,2,buy
12/22,2891,元富,5920,31,5782,-5751,8.17,2,sell
12/22,2891,美商高盛,1480,10561,4165,6396,9.09,3,buy
12/22,2891,中國信託,6160,200,3731,-3531,5.02,3,sell
12/22,2891,新加坡商瑞銀,1650,7818,1970,5848,8.31,4,buy
12/22,2891,富邦證券,9600,335,1603,-1268,1.8,4,sell
12/22,2891,美林,1440,6803,990,5813,8.26,5,buy
12/22,2891,新光,8560,73,1229,-1156,1.64,5,sell
12/22,2891,永豐金證券,0039004100300030,6217,784,5433,7.72,6,buy
12/22,2891,統一,5850,3,1104,-1101,1.56,6,sell
12/22,2891,凱基,9200,5446,302,5144,7.31,7,buy
12/22,2891,第一金-中山,5389,0,1008,-1008,1.43,7,sell
12/22,2891,凱基-台北,9268,5648,4126,1522,2.16,8,buy
12/22,2891,康和,8450,0,1000,-1000,1.42,8,sell
12/22,2891,臺銀,1040,613,18,595,0.85,9,buy
12/22,2891,凱基-站前,0039003200300046,11,814,-803,1.14,9,sell
12/22,2891,元大-忠孝鼎富,0039003800320046,450,0,450,0.64,10,buy
12/22,2891,港商野村,1560,20,702,-682,0.97,10,sell
12/22,2891,港商麥格理,1360,382,0,382,0.54,11,buy
12/22,2891,群益金鼎-南京,0039003100380045,0,582,-582,0.83,11,sell
12/22,2891,法銀巴黎,8900,187,0,187,0.27,12,buy
12/22,2891,華南永昌-敦南,9347,0,510,-510,0.72,12,sell
12/22,2891,臺銀-民權,1043,217,52,165,0.23,13,buy
12/22,2891,大和國泰,8890,0,435,-435,0.62,13,sell
12/22,2891,凱基-中山,9229,120,15,105,0.15,14,buy
12/22,2891,台新證券,8150,15,381,-366,0.52,14,sell
12/22,2891,台灣企銀-台南,1112,54,1,53,0.08,15,buy
12/22,2891,群益金鼎,9100,2,357,-355,0.5,15,sell
12/22,2881,台灣摩根士丹利,1470,3239,72,3167,15.25,1,buy
12/22,2881,群益金鼎,9100,7,5970,-5963,28.72,1,sell
12/22,2881,美商高盛,1480,2752,324,2428,11.69,2,buy
12/22,2881,凱基,9200,74,2502,-2428,11.69,2,sell
12/22,2881,美林,1440,2261,8,2253,10.85,3,buy
12/22,2881,元大證券,9800,828,2200,-1372,6.61,3,sell
12/22,2881,摩根大通,8440,2192,118,2074,9.99,4,buy
12/22,2881,元富,5920,9,805,-796,3.83,4,sell
12/22,2881,凱基-台北,9268,2057,187,1870,9.01,5,buy
12/22,2881,國票-敦北法人,0037003700390063,0,315,-315,1.52,5,sell
12/22,2881,新加坡商瑞銀,1650,1936,192,1744,8.4,6,buy
12/22,2881,香港上海匯豐,8960,59,330,-271,1.31,6,sell
12/22,2881,永豐金-匯立,0039004100380031,660,0,660,3.18,7,buy
12/22,2881,中國信託,6160,119,368,-249,1.2,7,sell
12/22,2881,國票-安和,003700370039005a,617,7,610,2.94,8,buy
12/22,2881,台新證券,8150,2,211,-209,1.01,8,sell
12/22,2881,花旗環球,1590,571,6,565,2.72,9,buy
12/22,2881,元大-北屯,0039003800390064,0,204,-204,0.98,9,sell
12/22,2881,華南永昌-敦南,9347,250,2,248,1.19,10,buy
12/22,2881,華南永昌,9300,1,198,-197,0.95,10,sell
12/22,2881,永豐金證券,0039004100300030,309,81,228,1.1,11,buy
12/22,2881,國泰-敦南,8888,45,212,-167,0.8,11,sell
12/22,2881,港商麥格理,1360,212,0,212,1.02,12,buy
12/22,2881,大和國泰,8890,0,138,-138,0.66,12,sell
12/22,2881,港商野村,1560,209,2,207,1.0,13,buy
12/22,2881,群益金鼎-南京,0039003100380045,23,159,-136,0.65,13,sell
12/22,2881,富邦-建國,9658,239,40,199,0.96,14,buy
12/22,2881,元大-大天母,9893,11,146,-135,0.65,14,sell
12/22,2881,凱基-宜蘭,003900320030004d,150,0,150,0.72,15,buy
12/22,2881,康和,8450,0,119,-119,0.57,15,sell
12/22,2882,美商高盛,1480,7195,732,6463,14.14,1,buy
12/22,2882,中國信託,6160,101,18107,-18006,39.4,1,sell
12/22,2882,台灣摩根士丹利,1470,5541,923,4618,10.1,2,buy
12/22,2882,凱基,9200,36,3791,-3755,8.22,2,sell
12/22,2882,富邦證券,9600,4089,114,3975,8.7,3,buy
12/22,2882,國泰-館前,0038003800380041,9,712,-703,1.54,3,sell
12/22,2882,美林,1440,4732,772,3960,8.66,4,buy
12/22,2882,國泰-板橋,003800380038004b,23,714,-691,1.51,4,sell
12/22,2882,新加坡商瑞銀,1650,5860,1931,3929,8.6,5,buy
12/22,2882,國票-敦北法人,0037003700390063,1,623,-622,1.36,5,sell
12/22,2882,元大-館前,003900380034004b,3003,10,2993,6.55,6,buy
12/22,2882,統一,5850,12,355,-343,0.75,6,sell
12/22,2882,摩根大通,8440,3409,1039,2370,5.19,7,buy
12/22,2882,兆豐證券,7000,1,309,-308,0.67,7,sell
12/22,2882,元大證券,9800,2308,669,1639,3.59,8,buy
12/22,2882,凱基-站前,0039003200300046,97,384,-287,0.63,8,sell
12/22,2882,大和國泰,8890,1310,275,1035,2.26,9,buy
12/22,2882,華南永昌-板橋,9349,0,215,-215,0.47,9,sell
12/22,2882,華南永昌-大安,9307,652,1,651,1.42,10,buy
12/22,2882,富邦-南京,0039003600310043,29,211,-182,0.4,10,sell
12/22,2882,花旗環球,1590,284,1,283,0.62,11,buy
12/22,2882,元大-崇德,0039003800310053,2,168,-166,0.36,11,sell
12/22,2882,港商麥格理,1360,283,0,283,0.62,12,buy
12/22,2882,凱基-台北,9268,2745,2911,-166,0.36,12,sell
12/22,2882,元大-六合,0039003800320043,85,2,83,0.18,13,buy
12/22,2882,宏遠證券,1260,0,156,-156,0.34,13,sell
12/22,2882,香港上海匯豐,8960,422,356,66,0.14,14,buy
12/22,2882,國泰-敦南,8888,45,172,-127,0.28,14,sell
12/22,2882,元大-彰化民生,003900380039004a,56,5,51,0.11,15,buy
12/22,2882,玉山證券,8840,1,114,-113,0.25,15,sell
12/22,2303,台灣摩根士丹利,1470,14751,989,13762,20.88,1,buy
12/22,2303,元大證券,9800,1895,14847,-12952,19.65,1,sell
12/22,2303,群益金鼎,9100,10770,6,10764,16.33,2,buy
12/22,2303,中國信託,6160,73,7959,-7886,11.97,2,sell
12/22,2303,美林,1440,10887,807,10080,15.29,3,buy
12/22,2303,美商高盛,1480,3363,7531,-4168,6.32,3,sell
12/22,2303,摩根大通,8440,4376,1107,3269,4.96,4,buy
12/22,2303,凱基,9200,42,3500,-3458,5.25,4,sell
12/22,2303,港商麥格理,1360,2506,103,2403,3.65,5,buy
12/22,2303,國泰證券,8880,24,1860,-1836,2.79,5,sell
12/22,2303,港商野村,1560,1764,323,1441,2.19,6,buy
12/22,2303,永豐金證券,0039004100300030,147,1978,-1831,2.78,6,sell
12/22,2303,永豐金-匯立,0039004100380031,1031,0,1031,1.56,7,buy
12/22,2303,富邦-南員林,0039003600310052,8,1309,-1301,1.97,7,sell
12/22,2303,新加坡商瑞銀,1650,2574,1625,949,1.44,8,buy
12/22,2303,凱基-台北,9268,1534,2728,-1194,1.81,8,sell
12/22,2303,元大-大統,003900380031007a,725,49,676,1.03,9,buy
12/22,2303,群益金鼎-瑞豐,0039003100380075,0,405,-405,0.61,9,sell
12/22,2303,元大-頭份,0039003800330055,467,12,455,0.69,10,buy
12/22,2303,康和,8450,0,326,-326,0.49,10,sell
12/22,2303,元大-土城,9897,338,17,321,0.49,11,buy
12/22,2303,香港上海匯豐,8960,78,376,-298,0.45,11,sell
12/22,2303,花旗環球,1590,263,4,259,0.39,12,buy
12/22,2303,元富-彰化,003500390032004d,7,302,-295,0.45,12,sell
12/22,2303,元大-台南,9896,261,9,252,0.38,13,buy
12/22,2303,元大-新竹經國,9859,6,237,-231,0.35,13,sell
12/22,2303,元大-土城永寧,9875,224,18,206,0.31,14,buy
12/22,2303,京城,8490,0,206,-206,0.31,14,sell
12/22,2303,兆豐-寶成,0037003000300072,202,9,193,0.29,15,buy
12/22,2303,富邦證券,9600,44,225,-181,0.27,15,sell
12/22,3711,台灣摩根士丹利,1470,3615,798,2817,16.66,1,buy
12/22,3711,元大證券,9800,1083,7687,-6604,39.05,1,sell
12/22,3711,新加坡商瑞銀,1650,2378,428,1950,11.53,2,buy
12/22,3711,凱基,9200,129,1000,-871,5.15,2,sell
12/22,3711,美商高盛,1480,1863,954,909,5.38,3,buy
12/22,3711,玉山證券,8840,18,830,-812,4.8,3,sell
12/22,3711,永豐金-匯立,0039004100380031,620,22,598,3.54,4,buy
12/22,3711,富邦-虎尾,9697,0,250,-250,1.48,4,sell
12/22,3711,富邦證券,9600,555,8,547,3.23,5,buy
12/22,3711,元富-城東,0035003900320072,3,102,-99,0.59,5,sell
12/22,3711,美林,1440,765,297,468,2.77,6,buy
12/22,3711,港商野村,1560,28,90,-62,0.37,6,sell
12/22,3711,永豐金證券,0039004100300030,369,100,269,1.59,7,buy
12/22,3711,香港上海匯豐,8960,58,117,-59,0.35,7,sell
12/22,3711,凱基-台北,9268,1173,936,237,1.4,8,buy
12/22,3711,兆豐-南京,0037003000300050,0,34,-34,0.2,8,sell
12/22,3711,港商麥格理,1360,282,116,166,0.98,9,buy
12/22,3711,統一-城中,5854,0,33,-33,0.2,9,sell
12/22,3711,元富,5920,153,5,148,0.88,10,buy
12/22,3711,凱基-高美館,9215,5,33,-28,0.17,10,sell
12/22,3711,摩根大通,8440,968,848,120,0.71,11,buy
12/22,3711,玉山-台中,0038003800340042,9,36,-27,0.16,11,sell
12/22,3711,永豐金-台南,0039004100390068,107,2,105,0.62,12,buy
12/22,3711,凱基-中港,9202,1,28,-27,0.16,12,sell
12/22,3711,群益金鼎-台中,9184,61,0,61,0.36,13,buy
12/22,3711,元富-林園,5927,1,27,-26,0.15,13,sell
12/22,3711,群益金鼎,9100,53,6,47,0.28,14,buy
12/22,3711,國票-台中,0037003700390076,7,30,-23,0.14,14,sell
12/22,3711,美好-高雄,5264,40,0,40,0.24,15,buy
12/22,3711,國泰-高雄,8881,3,23,-20,0.12,15,sell
12/22,2603,元大證券,9800,3706,375,3331,41.91,1,buy
12/22,2603,美林,1440,31,890,-859,10.81,1,sell
12/22,2603,凱基-台北,9268,394,172,222,2.79,2,buy
12/22,2603,台灣摩根士丹利,1470,188,891,-703,8.84,2,sell
12/22,2603,港商野村,1560,219,35,184,2.32,3,buy
12/22,2603,國泰證券,8880,6,602,-596,7.5,3,sell
12/22,2603,永豐金-彰化,0039004100390073,86,2,84,1.06,4,buy
12/22,2603,新加坡商瑞銀,1650,260,597,-337,4.24,4,sell
12/22,2603,富邦-台北,9623,87,7,80,1.01,5,buy
12/22,2603,摩根大通,8440,134,415,-281,3.54,5,sell
12/22,2603,凱基-市政,9239,77,1,76,0.96,6,buy
12/22,2603,美商高盛,1480,226,383,-157,1.98,6,sell
12/22,2603,元大-羅東,0039003800320041,57,2,55,0.69,7,buy
12/22,2603,元富,5920,2,127,-125,1.57,7,sell
12/22,2603,永豐金-苓雅,0039004100390061,56,9,47,0.59,8,buy
12/22,2603,臺銀-臺南,1042,6,111,-105,1.32,8,sell
12/22,2603,統一-高雄,5851,40,7,33,0.42,9,buy
12/22,2603,陽信,8710,0,100,-100,1.26,9,sell
12/22,2603,永豐金-板盛,0039004100390059,28,0,28,0.35,10,buy
12/22,2603,國泰-敦南,8888,51,136,-85,1.07,10,sell
12/22,2603,花旗環球,1590,32,5,27,0.34,11,buy
12/22,2603,統一,5850,11,83,-72,0.91,11,sell
12/22,2603,凱基-豐中,9223,28,2,26,0.33,12,buy
12/22,2603,華南永昌-林口,9317,9,80,-71,0.89,12,sell
12/22,2603,凱基-三重,9205,24,0,24,0.3,13,buy
12/22,2603,富邦-豐原,003900360033004c,0,60,-60,0.75,13,sell
12/22,2603,大展,5050,23,0,23,0.29,14,buy
12/22,2603,新光,8560,29,81,-52,0.65,14,sell
12/22,2603,華南永昌-虎尾,9377,20,0,20,0.25,15,buy
12/22,2603,台新證券,8150,10,61,-51,0.64,15,sell
12/22,2609,美商高盛,1480,2018,505,1513,13.88,1,buy
12/22,2609,摩根大通,8440,55,845,-790,7.25,1,sell
12/22,2609,凱基-台北,9268,1369,448,921,8.45,2,buy
12/22,2609,新加坡商瑞銀,1650,521,919,-398,3.65,2,sell
12/22,2609,台灣摩根士丹利,1470,902,215,687,6.3,3,buy
12/22,2609,美林,1440,384,722,-338,3.1,3,sell
12/22,2609,花旗環球,1590,664,0,664,6.09,4,buy
12/22,2609,香港上海匯豐,8960,0,299,-299,2.74,4,sell
12/22,2609,元大證券,9800,329,151,178,1.63,5,buy
12/22,2609,凱基-和平,9255,5,199,-194,1.78,5,sell
12/22,2609,華南永昌-板橋,9349,58,5,53,0.49,6,buy
12/22,2609,統一,5850,11,111,-100,0.92,6,sell
12/22,2609,富邦證券,9600,55,4,51,0.47,7,buy
12/22,2609,元大-竹東,0039003800330066,5,90,-85,0.78,7,sell
12/22,2609,元大-新莊,9898,58,8,50,0.46,8,buy
12/22,2609,富邦-內湖,9627,5,87,-82,0.75,8,sell
12/22,2609,富邦-宜蘭,9686,57,9,48,0.44,9,buy
12/22,2609,台新-高雄,0038003100350041,41,122,-81,0.74,9,sell
12/22,2609,兆豐-中壢,0037003000300062,46,1,45,0.41,10,buy
12/22,2609,國泰-敦南,8888,93,172,-79,0.72,10,sell
12/22,2609,元大-沙鹿,0039003800300064,51,7,44,0.4,11,buy
12/22,2609,富邦-竹東,9625,1,73,-72,0.66,11,sell
12/22,2609,元大-佳里,0039003800310065,42,4,38,0.35,12,buy
12/22,2609,玉山-左營,0038003800340044,1,58,-57,0.52,12,sell
12/22,2609,元大-新竹,9816,40,3,37,0.34,13,buy
12/22,2609,台新-建北,8151,1,56,-55,0.5,13,sell
12/22,2609,元大-歸仁,0039003800310061,43,6,37,0.34,14,buy
12/22,2609,元大-台北,0039003800300068,3,56,-53,0.49,14,sell
12/22,2609,富邦-台北,9623,43,6,37,0.34,15,buy
12/22,2609,元大-永康,9829,4,51,-47,0.43,15,sell
12/22,2615,新加坡商瑞銀,1650,328,0,328,7.48,1,buy
12/22,2615,美商高盛,1480,161,859,-698,15.93,1,sell
12/22,2615,摩根大通,8440,256,37,219,5.0,2,buy
12/22,2615,美林,1440,269,652,-383,8.74,2,sell
12/22,2615,港商野村,1560,199,67,132,3.01,3,buy
12/22,2615,台灣摩根士丹利,1470,28,281,-253,5.77,3,sell
12/22,2615,元大-新盛,9869,102,1,101,2.3,4,buy
12/22,2615,臺銀-高雄,0031003000340043,11,151,-140,3.19,4,sell
12/22,2615,合庫-台中,1021,104,13,91,2.08,5,buy
12/22,2615,第一金-新竹,0035003300380042,5,97,-92,2.1,5,sell
12/22,2615,元大-歸仁,0039003800310061,82,2,80,1.83,6,buy
12/22,2615,法銀巴黎,8900,2,78,-76,1.73,6,sell
12/22,2615,元大證券,9800,171,103,68,1.55,7,buy
12/22,2615,國泰-敦南,8888,74,130,-56,1.28,7,sell
12/22,2615,富邦證券,9600,63,2,61,1.39,8,buy
12/22,2615,元大-復北,9872,1,50,-49,1.12,8,sell
12/22,2615,凱基-湖口,003900320030004e,64,5,59,1.35,9,buy
12/22,2615,凱基-高雄,9206,0,31,-31,0.71,9,sell
12/22,2615,玉山-大里,003800380034004a,57,2,55,1.25,10,buy
12/22,2615,香港上海匯豐,8960,0,30,-30,0.68,10,sell
12/22,2615,台新-台中,0038003100350042,64,10,54,1.23,11,buy
12/22,2615,元大-大同,0039003800390047,0,25,-25,0.57,11,sell
12/22,2615,華南永昌-板橋,9349,55,3,52,1.19,12,buy
12/22,2615,玉山-景美,8849,0,24,-24,0.55,12,sell
12/22,2615,中國信託-忠孝,6162,40,0,40,0.91,13,buy
12/22,2615,元大-信義,003900380039006d,1,17,-16,0.37,13,sell
12/22,2615,凱基-台北,9268,216,177,39,0.89,14,buy
12/22,2615,凱基-桃園,9208,2,18,-16,0.37,14,sell
12/22,2615,永豐金證券,0039004100300030,64,28,36,0.82,15,buy
12/22,2615,土銀-嘉義,1034,5,20,-15,0.34,15,sell
12/22,2618,摩根大通,8440,3652,1496,2156,13.67,1,buy
12/22,2618,凱基-雙和,0039003200300043,5,648,-643,4.08,1,sell
12/22,2618,美林,1440,1455,99,1356,8.6,2,buy
12/22,2618,富邦-台中,003900360035004b,22,342,-320,2.03,2,sell
12/22,2618,凱基-台北,9268,774,456,318,2.02,3,buy
12/22,2618,合庫-鳳山,1029,6,251,-245,1.55,3,sell
12/22,2618,凱基,9200,272,0,272,1.72,4,buy
12/22,2618,富邦證券,9600,1,242,-241,1.53,4,sell
12/22,2618,港商野村,1560,249,1,248,1.57,5,buy
12/22,2618,美商高盛,1480,1482,1689,-207,1.31,5,sell
12/22,2618,花旗環球,1590,227,0,227,1.44,6,buy
12/22,2618,元大-台南,9896,0,202,-202,1.28,6,sell
12/22,2618,元大證券,9800,433,261,172,1.09,7,buy
12/22,2618,第一金,5380,12,205,-193,1.22,7,sell
12/22,2618,第一金-高雄,5383,155,13,142,0.9,8,buy
12/22,2618,康和,8450,0,183,-183,1.16,8,sell
12/22,2618,富邦-南京,0039003600310043,140,12,128,0.81,9,buy
12/22,2618,富邦-北港,0039003600390043,0,152,-152,0.96,9,sell
12/22,2618,凱基-站前,0039003200300046,429,312,117,0.74,10,buy
12/22,2618,致和-台北,7031,0,150,-150,0.95,10,sell
12/22,2618,兆豐-新營,003700300030004b,100,0,100,0.63,11,buy
12/22,2618,新光-台南,8564,5,121,-116,0.74,11,sell
12/22,2618,康和-台南,8458,90,4,86,0.55,12,buy
12/22,2618,亞東,2180,6,111,-105,0.67,12,sell
12/22,2618,新加坡商瑞銀,1650,1210,1124,86,0.55,13,buy
12/22,2618,元大-虎尾,003900380030006c,0,91,-91,0.58,13,sell
12/22,2618,統一,5850,82,7,75,0.48,14,buy
12/22,2618,元大-鳳山,003900380033005a,4,90,-86,0.55,14,sell
12/22,2618,台新證券,8150,125,61,64,0.41,15,buy
12/22,2618,中國信託,6160,43,123,-80,0.51,15,sell
12/22,3037,永豐金證券,0039004100300030,1251,161,1090,4.35,1,buy
12/22,3037,凱基-台北,9268,724,1420,-696,2.78,1,sell
12/22,3037,元大證券,9800,1602,1082,520,2.08,2,buy
12/22,3037,港商野村,1560,3,533,-530,2.12,2,sell
12/22,3037,群益金鼎,9100,715,405,310,1.24,3,buy
12/22,3037,國票-敦北法人,0037003700390063,189,670,-481,1.92,3,sell
12/22,3037,國票證券,7790,225,20,205,0.82,4,buy
12/22,3037,美林,1440,141,615,-474,1.89,4,sell
12/22,3037,統一,5850,282,77,205,0.82,5,buy
12/22,3037,中國信託,6160,119,482,-363,1.45,5,sell
12/22,3037,港商麥格理,1360,203,0,203,0.81,6,buy
12/22,3037,台灣摩根士丹利,1470,278,618,-340,1.36,6,sell
12/22,3037,華南永昌,9300,217,38,179,0.71,7,buy
12/22,3037,元大-仁愛,003900380033006a,8,310,-302,1.21,7,sell
12/22,3037,第一金-光復,0035003300380043,161,9,152,0.61,8,buy
12/22,3037,摩根大通,8440,163,415,-252,1.01,8,sell
12/22,3037,富邦-建國,9658,205,58,147,0.59,9,buy
12/22,3037,國泰證券,8880,387,536,-149,0.59,9,sell
12/22,3037,新加坡商瑞銀,1650,1759,1632,127,0.51,10,buy
12/22,3037,凱基,9200,881,1000,-119,0.48,10,sell
12/22,3037,華南永昌-中正,9359,123,2,121,0.48,11,buy
12/22,3037,元大-新盛,9869,6,122,-116,0.46,11,sell
12/22,3037,永豐金-竹科,0039004100390058,139,23,116,0.46,12,buy
12/22,3037,美商高盛,1480,1822,1937,-115,0.46,12,sell
12/22,3037,凱基-信義,9216,88,1,87,0.35,13,buy
12/22,3037,永豐金-松山,0039004100390031,58,133,-75,0.3,13,sell
12/22,3037,元富,5920,146,76,70,0.28,14,buy
12/22,3037,國票-新莊,0037003700390047,7,75,-68,0.27,14,sell
12/22,3037,元大-成功,003900380039004c,94,41,53,0.21,15,buy
12/22,3037,香港上海匯豐,8960,0,65,-65,0.26,15,sell
12/22,2345,統一,5850,218,19,199,4.47,1,buy
12/22,2345,摩根大通,8440,78,433,-355,7.98,1,sell
12/22,2345,台灣摩根士丹利,1470,154,27,127,2.85,2,buy
12/22,2345,國泰證券,8880,35,329,-294,6.61,2,sell
12/22,2345,元富,5920,123,6,117,2.63,3,buy
12/22,2345,新加坡商瑞銀,1650,254,493,-239,5.37,3,sell
12/22,2345,美商高盛,1480,293,180,113,2.54,4,buy
12/22,2345,台新證券,8150,48,128,-80,1.8,4,sell
12/22,2345,美林,1440,138,51,87,1.96,5,buy
12/22,2345,大和國泰,8890,33,91,-58,1.3,5,sell
12/22,2345,港商麥格理,1360,147,68,79,1.78,6,buy
12/22,2345,台新-新營,0038003100350059,5,51,-46,1.03,6,sell
12/22,2345,法銀巴黎,8900,77,0,77,1.73,7,buy
12/22,2345,國票-南科,0037003700390065,0,30,-30,0.67,7,sell
12/22,2345,華南永昌,9300,97,35,62,1.39,8,buy
12/22,2345,第一金,5380,2,24,-22,0.49,8,sell
12/22,2345,富邦證券,9600,210,177,33,0.74,9,buy
12/22,2345,元大證券,9800,210,230,-20,0.45,9,sell
12/22,2345,富邦-台南,9667,32,4,28,0.63,10,buy
12/22,2345,永豐金-匯立,0039004100380031,0,19,-19,0.43,10,sell
12/22,2345,凱基-台北,9268,187,167,20,0.45,11,buy
12/22,2345,富邦-嘉義,9692,2,21,-19,0.43,11,sell
12/22,2345,兆豐-公益,003700300030004a,19,0,19,0.43,12,buy
12/22,2345,凱基,9200,2,20,-18,0.4,12,sell
12/22,2345,華南永昌-中正,9359,23,5,18,0.4,13,buy
12/22,2345,香港上海匯豐,8960,1,16,-15,0.34,13,sell
12/22,2345,統一-板橋,0035003800350050,46,30,16,0.36,14,buy
12/22,2345,統一-敦南,5852,7,21,-14,0.31,14,sell
12/22,2345,合庫-三重,0031003000320047,11,0,11,0.25,15,buy
12/22,2345,元大-西屯,0039003800300077,3,14,-11,0.25,15,sell
12/22,3006,新加坡商瑞銀,1650,666,228,438,7.23,1,buy
12/22,3006,港商野村,1560,70,196,-126,2.08,1,sell
12/22,3006,台灣摩根士丹利,1470,486,51,435,7.18,2,buy
12/22,3006,統一-屏東,5859,1,104,-103,1.7,2,sell
12/22,3006,美林,1440,328,19,309,5.1,3,buy
12/22,3006,元大-福營,0039003800310046,0,79,-79,1.3,3,sell
12/22,3006,凱基-台北,9268,547,257,290,4.78,4,buy
12/22,3006,富邦-高雄,9659,1,52,-51,0.84,4,sell
12/22,3006,摩根大通,8440,280,4,276,4.55,5,buy
12/22,3006,國泰-敦南,8888,87,134,-47,0.78,5,sell
12/22,3006,美商高盛,1480,233,66,167,2.76,6,buy
12/22,3006,玉山-景美,8849,0,43,-43,0.71,6,sell
12/22,3006,元大證券,9800,407,321,86,1.42,7,buy
12/22,3006,群益金鼎-大甲,0039003100380067,11,53,-42,0.69,7,sell
12/22,3006,統一,5850,90,24,66,1.09,8,buy
12/22,3006,統一-東湖,0035003800350052,0,32,-32,0.53,8,sell
12/22,3006,凱基,9200,56,0,56,0.92,9,buy
12/22,3006,國泰-板橋,003800380038004b,29,61,-32,0.53,9,sell
12/22,3006,永豐金-敦北,0039004100380039,58,18,40,0.66,10,buy
12/22,3006,群益金鼎-大安,0039003100380065,11,43,-32,0.53,10,sell
12/22,3006,群益金鼎,9100,91,52,39,0.64,11,buy
12/22,3006,富邦-樹林,0039003600320045,1,32,-31,0.51,11,sell
12/22,3006,國票證券,7790,45,8,37,0.61,12,buy
12/22,3006,元富,5920,2,33,-31,0.51,12,sell
12/22,3006,中國信託,6160,47,14,33,0.54,13,buy
12/22,3006,中國信託-松江,6167,0,30,-30,0.49,13,sell
12/22,3006,永豐金證券,0039004100300030,61,38,23,0.38,14,buy
12/22,3006,兆豐-公益,003700300030004a,1,29,-28,0.46,14,sell
12/22,3006,台新證券,8150,53,32,21,0.35,15,buy
12/22,3006,玉山-信義,0038003800340043,2,30,-28,0.46,15,sell
12/22,2379,永豐金證券,0039004100300030,200,55,145,7.49,1,buy
12/22,2379,美林,1440,21,352,-331,17.09,1,sell
12/22,2379,凱基,9200,152,40,112,5.78,2,buy
12/22,2379,摩根大通,8440,25,326,-301,15.54,2,sell
12/22,2379,港商野村,1560,133,34,99,5.11,3,buy
12/22,2379,新加坡商瑞銀,1650,41,286,-245,12.65,3,sell
12/22,2379,台灣摩根士丹利,1470,190,130,60,3.1,4,buy
12/22,2379,美商高盛,1480,114,185,-71,3.67,4,sell
12/22,2379,臺銀,1040,41,0,41,2.12,5,buy
12/22,2379,群益金鼎,9100,13,80,-67,3.46,5,sell
12/22,2379,富邦證券,9600,33,4,29,1.5,6,buy
12/22,2379,康和,8450,0,19,-19,0.98,6,sell
12/22,2379,國泰-館前,0038003800380041,23,0,23,1.19,7,buy
12/22,2379,香港上海匯豐,8960,2,17,-15,0.77,7,sell
12/22,2379,國泰-敦南,8888,21,3,18,0.93,8,buy
12/22,2379,元大證券,9800,77,91,-14,0.72,8,sell
12/22,2379,新光,8560,16,2,14,0.72,9,buy
12/22,2379,第一金,5380,0,13,-13,0.67,9,sell
12/22,2379,元富-成功,003500390032006d,13,1,12,0.62,10,buy
12/22,2379,兆豐-北高雄,0037003000300049,0,8,-8,0.41,10,sell
12/22,2379,陽信,8710,12,0,12,0.62,11,buy
12/22,2379,元富-城東,0035003900320072,2,10,-8,0.41,11,sell
12/22,2379,法銀巴黎,8900,12,0,12,0.62,12,buy
12/22,2379,合庫證券,1020,1,7,-6,0.31,12,sell
12/22,2379,國泰-台中,8882,12,1,11,0.57,13,buy
12/22,2379,元大-北屯,0039003800390064,0,5,-5,0.26,13,sell
12/22,2379,富邦-羅東,9634,12,2,10,0.52,14,buy
12/22,2379,中國信託-中壢,0036003100360041,1,5,-4,0.21,14,sell
12/22,2379,統一-松江,003500380035005a,10,0,10,0.52,15,buy
12/22,2379,統一-新竹,5857,1,2,-1,0.05,15,sell
12/22,3034,摩根大通,8440,395,54,341,18.87,1,buy
12/22,3034,國票-敦北法人,0037003700390063,0,163,-163,9.02,1,sell
12/22,3034,新加坡商瑞銀,1650,284,53,231,12.78,2,buy
12/22,3034,凱基,9200,0,160,-160,8.85,2,sell
12/22,3034,凱基-台北,9268,218,135,83,4.59,3,buy
12/22,3034,臺銀-臺中,0031003000340041,0,126,-126,6.97,3,sell
12/22,3034,元大證券,9800,95,56,39,2.16,4,buy
12/22,3034,美林,1440,29,149,-120,6.64,4,sell
12/22,3034,美商高盛,1480,45,7,38,2.1,5,buy
12/22,3034,富邦證券,9600,85,177,-92,5.09,5,sell
12/22,3034,港商野村,1560,29,1,28,1.55,6,buy
12/22,3034,台灣摩根士丹利,1470,193,256,-63,3.49,6,sell
12/22,3034,元大-六合,0039003800320043,20,0,20,1.11,7,buy
12/22,3034,香港上海匯豐,8960,2,61,-59,3.27,7,sell
12/22,3034,兆豐-台中港,7005,31,11,20,1.11,8,buy
12/22,3034,元富-城中,0035003900320045,3,39,-36,1.99,8,sell
12/22,3034,新光-新竹,8563,11,1,10,0.55,9,buy
12/22,3034,永豐金-匯立,0039004100380031,0,13,-13,0.72,9,sell
12/22,3034,中國信託-永康,6163,10,0,10,0.55,10,buy
12/22,3034,富邦-永康,003900360031005a,0,13,-13,0.72,10,sell
12/22,3034,花旗環球,1590,17,8,9,0.5,11,buy
12/22,3034,港商麥格理,1360,0,11,-11,0.61,11,sell
12/22,3034,第一金-桃園,5385,10,1,9,0.5,12,buy
12/22,3034,華南永昌,9300,0,11,-11,0.61,12,sell
12/22,3034,元大-北屯,0039003800390064,7,0,7,0.39,13,buy
12/22,3034,國泰-敦南,8888,4,15,-11,0.61,13,sell
12/22,3034,富邦-樹林,0039003600320045,6,0,6,0.33,14,buy
12/22,3034,富邦-仁愛,9676,0,11,-11,0.61,14,sell
12/22,3034,元大-蘆洲,9857,5,0,5,0.28,15,buy
12/22,3034,第一金,5380,0,8,-8,0.44,15,sell
12/22,2412,美林,1440,396,3,393,10.96,1,buy
12/22,2412,凱基-台北,9268,98,697,-599,16.7,1,sell
12/22,2412,凱基,9200,194,0,194,5.41,2,buy
12/22,2412,摩根大通,8440,194,520,-326,9.09,2,sell
12/22,2412,花旗環球,1590,142,0,142,3.96,3,buy
12/22,2412,香港上海匯豐,8960,20,142,-122,3.4,3,sell
12/22,2412,中國信託,6160,161,31,130,3.63,4,buy
12/22,2412,法銀巴黎,8900,0,64,-64,1.78,4,sell
12/22,2412,美商高盛,1480,317,218,99,2.76,5,buy
12/22,2412,台灣摩根士丹利,1470,164,217,-53,1.48,5,sell
12/22,2412,元大證券,9800,218,122,96,2.68,6,buy
12/22,2412,港商麥格理,1360,0,40,-40,1.12,6,sell
12/22,2412,國泰-敦南,8888,110,38,72,2.01,7,buy
12/22,2412,元富-中壢,003500390032004c,0,40,-40,1.12,7,sell
12/22,2412,永豐金-永康,0039004100390063,163,101,62,1.73,8,buy
12/22,2412,富邦-板橋,9655,2,36,-34,0.95,8,sell
12/22,2412,土銀,1030,51,0,51,1.42,9,buy
12/22,2412,元大-成功,003900380039004c,7,35,-28,0.78,9,sell
12/22,2412,新加坡商瑞銀,1650,78,28,50,1.39,10,buy
12/22,2412,凱基-五股,0039003200310047,1,25,-24,0.67,10,sell
12/22,2412,永豐金證券,0039004100300030,51,5,46,1.28,11,buy
12/22,2412,元大-崇德,0039003800310053,0,23,-23,0.64,11,sell
12/22,2412,國泰-台中,8882,29,0,29,0.81,12,buy
12/22,2412,台新證券,8150,4,25,-21,0.59,12,sell
12/22,2412,統一-三重,003500380035004a,26,0,26,0.73,13,buy
12/22,2412,凱基-鳳山,9274,0,19,-19,0.53,13,sell
12/22,2412,富邦-北港,0039003600390043,20,0,20,0.56,14,buy
12/22,2412,富邦證券,9600,22,40,-18,0.5,14,sell
12/22,2412,元大-苑裡,0039003800390061,20,1,19,0.53,15,buy
12/22,2412,元富-松德,0035003900320061,30,46,-16,0.45,15,sell
